{
    "evaluation_metrics":  {
                               "lpips_score":  0.46939221024513245,
                               "sharpness":  0.6630225777626038,
                               "convergence_speed":  23.661405563354492,
                               "final_loss":  0,
                               "gaussian_count":  291690
                           },
    "final_metrics":  {
                          "convergence_speed":  23.661405563354492,
                          "final_loss":  0,
                          "lpips_mean":  0.46939221024513245,
                          "sharpness_mean":  0.6630225777626038
                      },
    "num_gaussians":  291690,
    "mode":  "baseline",
    "tune_scope":  null
}