{
    "evaluation_metrics":  {
                               "lpips_score":  0.4819294512271881,
                               "sharpness":  0.6471613049507141,
                               "convergence_speed":  22.63827896118164,
                               "final_loss":  0,
                               "gaussian_count":  278281
                           },
    "final_metrics":  {
                          "convergence_speed":  22.63827896118164,
                          "final_loss":  0,
                          "lpips_mean":  0.4819294512271881,
                          "sharpness_mean":  0.6471613049507141
                      },
    "num_gaussians":  278281,
    "mode":  "modified",
    "tune_scope":  "core_ai_optimization"
}